Дата,UserID,Продукт,Количество,Цена
2023-11-25,164,Планшет,1,11731.25
2024-01-24,856,Планшет,1,41028.44
2023-12-14,950,Планшет,5,37183.21
2023-08-29,398,Планшет,1,37355.84
2024-05-20,410,Наушники,5,45528.21
2023-11-08,534,Планшет,2,1887.66
2024-03-16,955,Часы,3,32831.74
2024-02-13,838,Часы,5,49367.11
2024-05-27,579,Планшет,4,19185.56
2023-11-09,40,Ноутбук,1,39210.35
2024-03-29,333,Планшет,3,12480.82
2024-05-13,312,Часы,1,37940.15
2024-04-09,237,Ноутбук,5,10392.45
2023-08-05,245,Наушники,3,32915.5
2024-05-31,676,Телефон,4,2972.8
2023-11-01,142,Планшет,1,2377.28
2024-03-12,377,Ноутбук,1,30686.43
2023-12-24,484,Ноутбук,2,4103.96
2024-01-15,314,Планшет,2,14113.49
2024-02-28,606,Телефон,1,41964.74
2024-04-14,421,Планшет,4,44347.3
2024-04-07,834,Часы,3,14771.6
2023-09-15,648,Часы,4,31946.4
2023-09-08,721,Часы,4,9035.05
2023-08-13,835,Часы,5,1275.98
2023-08-16,543,Планшет,4,11437.64
2024-06-18,348,Ноутбук,5,25672.23
2024-05-21,412,Телефон,4,30965.2
2024-03-11,72,Ноутбук,4,43295.6
2023-09-06,348,Телефон,5,37829.83
2023-12-26,405,Часы,4,28411.09
2023-08-29,91,Планшет,3,13950.17
2024-03-23,796,Наушники,1,14554.83
2023-08-18,806,Наушники,1,25655.93
2024-01-06,242,Часы,3,3156.14
2024-01-29,767,Наушники,2,4867.34
2023-09-12,378,Часы,2,43000.39
2023-10-12,206,Часы,5,45519.84
2024-02-19,52,Планшет,3,44154.59
2023-12-03,965,Ноутбук,5,32035.54
2023-10-23,656,Телефон,3,17108.35
2023-11-13,394,Часы,5,18873.0
2024-06-04,715,Телефон,5,19205.08
2024-05-25,126,Телефон,1,12911.55
2023-12-11,43,Наушники,1,11847.57
2023-10-02,228,Ноутбук,2,32064.25
2023-09-06,262,Телефон,1,19583.77
2023-12-06,132,Наушники,5,29855.66
2023-09-26,81,Часы,1,35806.51
2023-08-23,665,Телефон,5,6612.48
2024-05-17,634,Наушники,5,15376.91
2023-08-14,611,Планшет,5,14955.38
2024-01-06,349,Часы,2,15638.6
2024-07-20,644,Ноутбук,2,22127.46
2023-09-13,40,Часы,3,30283.47
2024-05-24,478,Ноутбук,3,13827.91
2023-09-16,208,Ноутбук,4,8307.32
2023-08-15,526,Часы,3,23781.67
2023-12-19,548,Ноутбук,2,40699.84
2024-03-01,217,Наушники,3,26071.06
2024-05-28,274,Часы,1,27083.21
2024-04-01,91,Наушники,5,4769.79
2024-07-19,970,Часы,3,11486.06
2024-05-02,278,Телефон,5,43146.74
2024-07-15,623,Наушники,3,21091.92
2024-03-10,234,Планшет,1,19883.62
2024-02-10,848,Наушники,3,16412.31
2024-03-21,56,Планшет,1,3290.76
2024-01-27,443,Телефон,2,42135.92
2023-11-29,24,Ноутбук,5,44501.86
2023-08-30,946,Телефон,1,42746.84
2023-11-16,913,Наушники,1,16175.91
2024-06-30,963,Телефон,5,32565.45
2023-08-18,113,Часы,2,11973.52
2023-12-06,635,Часы,1,29615.88
2023-08-03,159,Часы,5,3274.21
2023-10-14,172,Планшет,4,25815.49
2023-09-13,17,Ноутбук,5,39133.14
2024-05-24,812,Часы,1,9933.46
2024-02-17,66,Часы,5,5463.68
2024-02-01,631,Часы,1,39409.66
2023-08-26,156,Ноутбук,4,44160.33
2024-01-14,453,Ноутбук,5,26669.72
2024-06-23,758,Часы,2,4027.09
2024-01-23,144,Планшет,3,34909.54
2023-10-23,180,Ноутбук,3,1011.45
2023-09-14,196,Часы,3,6991.86
2024-02-13,204,Часы,1,7810.92
2023-09-08,206,Планшет,4,23511.55
2023-12-03,101,Ноутбук,5,8892.33
2024-02-10,251,Ноутбук,4,44037.88
2023-09-01,962,Наушники,3,39984.09
2024-06-11,531,Часы,2,14902.38
2024-01-30,600,Часы,2,9961.98
2023-11-13,45,Телефон,4,47566.55
2023-10-28,749,Часы,2,37226.47
2024-02-06,507,Ноутбук,3,35984.1
2023-07-24,840,Ноутбук,1,31705.18
2024-05-30,546,Планшет,3,21593.0
2023-09-27,120,Часы,3,29989.15
2023-10-29,980,Часы,1,27775.54
2024-05-14,137,Часы,4,19338.53
2023-11-30,374,Наушники,4,9199.21
2024-04-06,331,Наушники,1,25419.95
2023-08-10,550,Часы,4,49868.18
2024-01-17,142,Телефон,5,21639.39
2023-10-26,334,Часы,1,36286.06
2023-11-10,317,Часы,1,16995.19
2023-10-02,186,Телефон,2,21952.49
2023-08-16,459,Наушники,1,26925.99
2024-03-23,645,Ноутбук,5,30003.64
2023-10-09,363,Телефон,4,46539.56
2024-04-25,639,Ноутбук,2,38125.22
2024-04-03,385,Планшет,4,17838.47
2024-04-06,307,Планшет,4,18197.78
2023-09-29,386,Наушники,4,49458.41
2024-06-16,345,Ноутбук,3,42866.72
2023-11-22,109,Наушники,4,31801.8
2023-12-04,615,Наушники,3,38971.05
2024-01-16,264,Наушники,4,26199.0
2024-06-30,345,Часы,5,26499.21
2024-01-05,479,Ноутбук,3,10595.82
2023-10-06,973,Телефон,5,34028.69
2024-01-03,434,Планшет,2,4937.7
2024-06-05,951,Наушники,4,49385.25
2024-07-08,857,Ноутбук,1,1125.91
2024-05-06,697,Часы,4,4295.57
2023-08-10,936,Телефон,5,1349.19
2024-02-26,935,Телефон,4,18622.32
2024-02-04,713,Планшет,3,45806.1
2024-04-28,374,Ноутбук,2,14000.37
2023-10-19,872,Планшет,5,14853.06
2023-10-11,646,Часы,3,47844.03
2023-11-05,515,Часы,1,22307.15
2024-07-14,524,Наушники,3,35403.8
2023-08-30,277,Наушники,5,40365.93
2023-10-09,106,Телефон,2,14400.91
2024-01-09,186,Часы,3,9188.21
2023-09-04,349,Наушники,4,2131.39
2024-06-13,568,Телефон,2,35571.78
2024-03-06,756,Планшет,2,19357.38
2023-11-21,683,Часы,1,31842.75
2024-05-25,277,Ноутбук,2,4051.82
2024-07-17,108,Часы,3,23089.21
2024-04-08,328,Планшет,5,19266.38
2024-03-30,488,Телефон,2,47352.99
2024-02-24,714,Планшет,2,45294.64
2024-04-07,958,Наушники,5,4163.01
2023-12-03,295,Планшет,1,6489.64
2023-09-15,810,Наушники,4,4578.77
2023-12-18,296,Телефон,4,10609.38
2023-11-08,985,Ноутбук,3,16358.12
2023-10-20,202,Телефон,5,2695.79
2024-01-08,650,Часы,2,42716.5
2024-01-31,469,Часы,4,26006.71
2023-09-23,991,Ноутбук,5,10397.25
2023-12-17,421,Планшет,5,40378.89
2024-04-05,114,Ноутбук,1,7018.61
2024-01-09,577,Телефон,4,12313.75
2024-05-15,905,Планшет,5,5919.41
2024-03-29,382,Ноутбук,4,5807.58
2024-04-09,19,Наушники,2,15355.31
2023-10-26,83,Ноутбук,3,44733.41
2024-04-10,326,Наушники,5,3033.8
2023-09-02,108,Наушники,2,45586.48
2023-10-15,305,Часы,3,23766.07
2024-04-01,865,Планшет,5,37436.0
2024-01-09,457,Планшет,4,31319.09
2023-10-22,364,Часы,3,15928.69
2023-12-21,878,Часы,3,12837.12
2024-07-17,133,Ноутбук,4,19644.77
2024-05-29,356,Телефон,3,5608.75
2023-08-31,630,Наушники,3,42384.85
2023-12-05,424,Телефон,4,22877.52
2024-05-15,594,Часы,5,24775.41
2023-11-05,467,Часы,5,42395.17
2023-10-12,16,Планшет,3,1296.65
2023-08-18,177,Часы,5,42782.75
2024-03-30,812,Ноутбук,4,42314.57
2023-11-12,825,Планшет,1,24274.78
2023-12-31,414,Часы,5,28886.02
2024-02-11,908,Ноутбук,3,30758.21
2023-12-27,229,Ноутбук,3,48764.34
2023-08-16,678,Ноутбук,2,28122.63
2024-01-30,555,Ноутбук,1,7289.37
2023-10-06,52,Телефон,1,22563.81
2023-09-10,697,Планшет,5,25962.38
2023-08-11,105,Ноутбук,3,6463.5
2023-08-19,52,Планшет,3,21327.38
2023-12-31,626,Телефон,1,35705.98
2023-10-23,260,Ноутбук,3,31340.73
2024-07-17,47,Наушники,2,35690.56
2023-09-27,199,Ноутбук,4,40477.84
2023-08-26,531,Телефон,2,49930.56
2023-08-07,124,Планшет,1,15537.37
2024-07-05,725,Ноутбук,1,32848.59
2023-08-28,310,Телефон,3,27604.52
2024-05-25,852,Часы,2,8438.77
2023-12-07,692,Часы,3,18262.03
2023-12-12,563,Планшет,4,4540.55
2023-11-09,42,Телефон,3,45261.01
2023-08-26,173,Часы,1,30511.1
2024-05-18,887,Планшет,1,22202.18
2024-05-07,504,Часы,4,11415.12
2024-04-30,510,Ноутбук,5,5536.36
2024-03-21,419,Часы,3,16442.99
2024-06-22,187,Телефон,2,39534.94
2024-06-01,867,Ноутбук,3,3746.3
2024-07-20,167,Наушники,1,42890.38
2024-06-21,644,Часы,4,25101.05
2024-04-24,871,Планшет,3,38977.85
2024-04-16,32,Ноутбук,1,18285.97
2023-12-17,694,Наушники,5,39740.98
2023-08-13,421,Ноутбук,5,16184.73
2023-12-07,611,Телефон,2,16952.73
2023-08-29,387,Телефон,2,32437.16
2023-10-19,136,Часы,2,19172.72
2023-12-27,172,Ноутбук,1,1026.71
2023-12-15,911,Наушники,3,16037.08
2024-06-13,418,Телефон,3,49783.96
2023-12-14,569,Ноутбук,2,37352.63
2023-10-14,582,Телефон,1,16033.8
2023-10-15,792,Телефон,4,5533.05
2024-06-05,45,Часы,2,3630.57
2023-11-20,347,Планшет,2,17788.54
2024-04-17,786,Ноутбук,1,29153.33
2024-01-31,654,Ноутбук,3,26553.92
2024-04-26,421,Телефон,5,32986.55
2024-03-10,685,Телефон,3,29318.06
2023-09-06,388,Наушники,5,12669.59
2024-07-14,365,Телефон,3,43870.19
2023-08-28,162,Телефон,5,20878.85
2023-12-16,693,Ноутбук,2,17961.53
2023-10-02,751,Часы,5,35664.59
2024-03-14,188,Телефон,4,23393.71
2024-07-19,718,Телефон,2,13235.51
2024-07-02,873,Ноутбук,5,40323.71
2024-03-23,619,Планшет,1,33456.56
2024-04-28,439,Наушники,1,24482.62
2024-07-21,197,Часы,4,17408.65
2024-06-20,336,Ноутбук,3,7125.71
2024-07-09,91,Планшет,3,44757.5
2024-06-09,687,Часы,3,24996.39
2024-04-06,211,Часы,3,2966.49
2023-08-29,280,Наушники,3,6843.83
2024-01-08,874,Наушники,1,19410.98
2023-10-25,946,Часы,3,46767.29
2024-04-30,438,Планшет,3,39287.72
2024-01-20,343,Часы,2,38507.83
2023-09-09,949,Часы,1,42835.92
2024-05-18,205,Наушники,5,31217.88
2023-09-03,918,Часы,4,17947.36
2024-06-26,81,Наушники,4,8546.03
2023-12-16,706,Часы,2,44506.13
2023-11-14,265,Планшет,3,35337.61
2023-11-10,437,Телефон,4,24314.54
2024-01-16,900,Ноутбук,5,18576.53
2023-10-22,12,Наушники,4,27333.93
2024-07-03,383,Наушники,1,39705.43
2023-09-17,991,Телефон,1,5768.26
2023-07-25,934,Планшет,3,22253.13
2024-05-11,729,Наушники,1,31038.99
2024-03-23,288,Телефон,1,21109.21
2023-09-21,805,Часы,1,16171.12
2023-11-04,543,Планшет,4,7183.09
2024-05-07,744,Наушники,3,39883.04
2023-11-20,551,Телефон,2,30170.15
2024-03-31,424,Часы,3,42104.81
2023-11-20,787,Планшет,5,40773.08
2023-11-28,102,Часы,4,34055.74
2023-12-31,458,Ноутбук,4,20374.33
2023-07-25,526,Планшет,5,48230.05
2024-05-26,104,Часы,5,1868.17
2024-01-28,759,Планшет,3,9262.9
2023-11-13,697,Наушники,1,20091.23
2023-11-12,793,Часы,3,49970.66
2023-08-21,77,Телефон,1,5032.94
2024-04-19,184,Планшет,3,28650.24
2023-12-17,284,Телефон,5,28048.22
2023-09-26,18,Наушники,5,11770.04
2024-04-12,874,Часы,2,21722.19
2023-12-26,666,Часы,5,44663.9
2024-06-22,691,Планшет,2,25499.61
2024-07-02,416,Планшет,3,3776.5
2024-06-27,224,Наушники,4,37963.84
2024-05-06,642,Наушники,2,18272.21
2024-06-16,915,Ноутбук,2,42995.66
2023-09-25,641,Планшет,5,33207.77
2023-12-04,264,Часы,1,49882.61
2023-11-27,688,Часы,2,39839.97
2023-09-28,923,Ноутбук,4,21033.56
2023-08-10,680,Телефон,4,8281.97
2024-05-30,88,Часы,3,29316.31
2023-09-02,70,Ноутбук,1,30312.29
2023-09-09,64,Ноутбук,3,38088.46
2024-02-10,320,Телефон,1,41036.55
2024-03-18,218,Ноутбук,4,23169.18
2023-12-23,367,Планшет,5,2461.79
2024-05-29,112,Часы,3,40825.01
2024-01-13,79,Ноутбук,3,24564.79
2024-07-19,171,Телефон,3,27727.39
2023-11-16,646,Планшет,3,42079.39
2023-11-26,897,Наушники,1,48306.7
2024-03-11,807,Часы,4,2783.2
2024-02-01,981,Ноутбук,1,17866.26
2024-05-07,403,Часы,5,1942.85
2024-05-09,165,Планшет,1,9798.88
2024-04-28,533,Телефон,4,49056.66
2023-12-07,305,Наушники,3,14545.27
2024-06-01,653,Наушники,1,39013.41
2024-07-02,262,Планшет,5,22872.84
2024-02-19,223,Часы,2,7655.9
2024-01-17,259,Наушники,5,38216.18
2024-01-11,86,Ноутбук,3,10602.42
2024-05-13,760,Планшет,5,15960.24
2024-03-30,799,Наушники,2,18972.28
2024-06-16,199,Часы,5,28468.64
2024-06-22,478,Планшет,3,47487.55
2024-05-09,130,Ноутбук,5,20179.07
2024-06-18,641,Ноутбук,5,17819.3
2023-10-07,252,Ноутбук,2,29227.3
2023-11-24,618,Ноутбук,2,6733.09
2024-03-18,751,Часы,4,31896.49
2024-01-16,796,Часы,1,39561.54
2023-08-20,905,Часы,2,2260.01
2023-07-29,26,Ноутбук,5,48639.52
2024-04-25,816,Наушники,5,45863.14
2023-11-08,265,Часы,5,9208.47
2023-09-16,413,Часы,2,42062.85
2023-12-23,219,Телефон,1,25528.53
2024-05-26,523,Наушники,2,40252.94
2023-12-20,553,Часы,5,35957.74
2023-07-23,773,Планшет,3,49870.18
2023-11-05,565,Наушники,2,27934.39
2024-04-07,551,Телефон,2,44740.91
2024-02-25,410,Наушники,5,38505.03
2024-07-17,17,Ноутбук,2,36917.33
2023-11-01,137,Ноутбук,1,43111.23
2023-08-04,271,Ноутбук,3,44847.91
2023-10-12,242,Ноутбук,4,33344.32
2024-07-19,657,Планшет,3,21055.33
2024-04-08,478,Планшет,3,5831.71
2023-09-20,498,Наушники,2,12107.7
2023-09-10,165,Телефон,4,34860.44
2024-02-01,932,Наушники,3,7398.58
2023-12-14,709,Наушники,5,38877.47
2024-02-21,661,Наушники,5,28231.92
2024-03-16,896,Часы,1,25140.98
2023-11-07,775,Часы,4,49243.09
2023-10-27,379,Телефон,3,15001.77
2023-09-01,22,Наушники,3,25386.83
2024-04-29,547,Планшет,4,8355.99
2024-01-12,824,Телефон,4,46376.94
2023-11-12,112,Ноутбук,2,43257.69
2024-02-03,660,Планшет,3,20329.94
2024-03-31,127,Наушники,2,31611.22
2023-12-06,252,Ноутбук,3,35374.03
2023-07-25,431,Ноутбук,1,32767.74
2024-07-04,217,Телефон,1,37174.3
2024-05-01,71,Телефон,3,28041.31
2023-08-10,741,Наушники,2,25620.55
2024-03-28,213,Наушники,2,12609.06
2023-09-28,700,Наушники,5,25483.58
2024-05-26,43,Наушники,3,34057.8
2023-09-23,689,Телефон,3,17556.43
2023-11-27,369,Планшет,1,38326.96
2023-10-03,535,Ноутбук,1,25356.92
2024-04-27,113,Ноутбук,4,14034.61
2024-05-31,906,Наушники,5,4371.62
2024-02-29,937,Наушники,2,10057.22
2023-08-16,376,Планшет,4,44035.68
2023-10-11,525,Наушники,4,40822.13
2024-01-11,828,Планшет,4,8919.29
2024-02-16,385,Телефон,5,21310.94
2023-12-21,320,Телефон,3,13046.28
2023-09-18,350,Телефон,3,46327.21
2023-11-02,617,Планшет,2,25949.33
2024-04-26,852,Планшет,4,39834.15
2024-01-16,369,Наушники,1,9357.5
2023-10-29,681,Планшет,1,49816.23
2024-03-05,469,Планшет,1,4858.4
2024-06-09,984,Ноутбук,5,4096.03
2023-09-15,470,Телефон,5,26479.01
2024-04-13,632,Телефон,3,21429.74
2023-08-12,367,Планшет,5,4089.07
2024-02-07,117,Наушники,1,14716.26
2023-12-02,559,Наушники,5,11503.85
2023-12-08,641,Часы,5,16730.85
2023-10-09,203,Часы,4,14859.68
2023-12-08,407,Планшет,4,30733.03
2024-06-21,14,Телефон,4,23999.99
2024-07-07,792,Ноутбук,3,5379.31
2024-06-02,117,Часы,4,15648.07
2023-08-21,148,Ноутбук,4,27632.36
2024-02-18,359,Наушники,1,43011.82
2023-10-24,374,Часы,4,19985.23
2024-02-06,739,Часы,5,45323.59
2024-04-04,568,Ноутбук,1,45356.52
2023-09-09,607,Планшет,3,24615.44
2024-07-15,332,Планшет,1,11699.12
2024-02-08,176,Наушники,4,8568.14
2023-08-17,401,Телефон,2,45497.72
2023-12-30,508,Планшет,5,5014.58
2024-07-19,413,Планшет,4,19632.78
2024-06-25,693,Телефон,2,6026.5
2024-05-07,873,Телефон,2,31962.88
2023-12-24,171,Часы,4,44039.85
2023-11-24,984,Часы,4,40364.47
2024-04-09,293,Ноутбук,5,25733.37
2024-02-13,809,Наушники,3,13049.26
2024-05-26,867,Планшет,4,36613.13
2024-05-01,952,Часы,5,27005.82
2024-04-18,970,Планшет,3,40239.54
2024-06-28,106,Планшет,4,5576.42
2023-08-15,904,Планшет,2,40599.64
2024-02-14,214,Телефон,3,3002.78
2023-09-21,83,Наушники,3,46773.46
2024-05-09,648,Наушники,2,45163.73
2023-08-03,948,Часы,4,3966.07
2024-07-09,192,Наушники,5,9788.59
2023-09-05,537,Часы,2,27006.03
2024-01-31,426,Телефон,1,12206.42
2024-03-19,641,Часы,4,27694.41
2024-06-25,191,Планшет,3,4050.63
2023-10-29,383,Телефон,3,10504.87
2023-12-22,367,Планшет,3,49170.93
2024-02-09,494,Ноутбук,3,14799.46
2024-06-11,720,Часы,5,17049.63
2024-06-18,185,Часы,3,29135.41
2024-03-24,375,Планшет,2,25118.67
2024-03-20,727,Ноутбук,5,14348.07
2024-05-15,738,Телефон,4,21256.33
2024-06-02,311,Телефон,1,14620.64
2024-03-21,624,Наушники,4,44142.83
2024-03-03,614,Часы,3,6519.02
2023-11-04,381,Планшет,5,11437.42
2024-03-08,396,Планшет,4,20343.5
2023-10-10,734,Телефон,1,38223.83
2024-05-02,830,Телефон,5,11363.49
2023-09-15,119,Наушники,2,42684.54
2023-09-28,198,Наушники,2,43215.25
2024-05-09,903,Часы,3,35004.29
2023-12-19,311,Ноутбук,1,1839.5
2024-03-11,591,Часы,4,48666.97
2023-08-23,6,Наушники,3,26825.04
2024-01-03,851,Наушники,2,22694.65
2023-09-20,829,Телефон,3,17892.44
2023-09-14,497,Ноутбук,4,23314.93
2024-04-16,752,Часы,5,30927.92
2023-08-10,949,Ноутбук,1,32419.26
2023-08-08,980,Планшет,1,29117.05
2023-07-27,383,Планшет,4,42717.12
2024-02-26,210,Ноутбук,1,43126.81
2024-03-11,321,Ноутбук,2,49486.37
2023-11-30,986,Ноутбук,4,1566.56
2024-06-27,213,Ноутбук,4,42185.29
2023-12-28,482,Наушники,3,27304.98
2024-04-14,396,Наушники,2,4478.21
2023-08-22,626,Часы,1,10947.41
2023-08-04,1,Часы,5,7567.68
2024-06-14,991,Часы,3,22366.25
2023-12-25,501,Ноутбук,5,21266.47
2023-08-14,645,Планшет,1,6355.57
2024-03-06,623,Наушники,2,27776.32
2024-03-29,265,Часы,3,4621.35
2023-11-25,546,Телефон,3,5321.37
2024-01-26,317,Часы,3,22635.28
2024-06-07,292,Планшет,3,39341.44
2023-10-01,701,Планшет,5,11852.45
2023-12-15,295,Наушники,1,16141.73
2024-07-13,626,Телефон,1,18337.03
2023-10-03,340,Телефон,5,19708.48
2024-06-08,338,Наушники,1,13733.75
2023-09-15,264,Ноутбук,5,23538.94
2024-06-26,424,Телефон,5,4371.95
2024-01-24,719,Ноутбук,3,17734.18
2023-08-26,80,Наушники,3,42173.31
2024-02-10,201,Наушники,3,14307.71
2024-02-12,705,Ноутбук,1,35250.97
2023-11-07,157,Планшет,1,48949.85
2024-01-26,129,Планшет,1,17405.43
2024-05-14,923,Часы,1,28609.32
2023-09-19,612,Ноутбук,2,9034.59
2024-01-29,101,Ноутбук,2,30211.23
2023-10-01,233,Планшет,2,45026.11
2023-08-03,319,Ноутбук,5,3279.72
2024-07-06,373,Телефон,2,40889.85
2024-06-09,783,Планшет,5,11694.62
2023-09-25,341,Наушники,1,47740.09
2024-03-18,864,Ноутбук,5,6562.84
2023-10-29,834,Ноутбук,2,1730.83
2023-09-27,457,Часы,3,9231.02
2024-01-13,710,Часы,4,1738.35
2024-05-14,146,Наушники,5,18191.1
2024-01-14,735,Телефон,3,23222.36
2024-03-09,872,Телефон,4,42399.44
2023-08-24,97,Телефон,2,18789.38
2023-08-29,432,Телефон,3,17514.44
2024-04-10,563,Планшет,2,1898.58
2023-09-17,422,Наушники,5,44989.24
2023-08-25,394,Часы,3,22279.73
2024-05-30,737,Планшет,1,6356.4
2023-08-24,158,Наушники,3,22707.64
2023-09-24,406,Ноутбук,1,9902.93
2024-05-03,202,Наушники,4,19780.41
2023-11-04,776,Часы,5,23586.42
2023-11-19,25,Ноутбук,2,11769.37
2024-02-25,534,Наушники,5,10502.25
2023-12-09,262,Планшет,3,19741.09
2024-01-21,655,Телефон,5,7579.66
2023-07-23,399,Телефон,1,32708.85
2023-11-25,403,Телефон,5,12451.51
2023-09-23,743,Ноутбук,3,13282.75
2023-10-06,68,Телефон,1,16932.31
2023-10-02,818,Планшет,2,2433.01
2024-05-14,198,Наушники,4,6397.37
2024-02-02,899,Планшет,3,6265.34
2024-06-09,219,Ноутбук,1,48456.0
2023-08-07,486,Наушники,5,49293.13
2024-02-17,583,Ноутбук,2,4493.47
2023-09-18,603,Наушники,3,5999.31
2024-06-24,946,Наушники,2,14971.25
2023-11-11,980,Планшет,3,19049.21
2023-11-19,762,Наушники,5,9116.22
2023-12-20,664,Телефон,3,6448.02
2024-01-28,1,Часы,3,17770.97
2023-11-27,604,Ноутбук,4,45080.02
2023-07-27,652,Ноутбук,4,30875.85
2024-02-10,740,Наушники,1,36791.41
2023-08-02,68,Ноутбук,4,23530.2
2024-02-17,946,Часы,1,6260.54
2024-06-29,922,Наушники,3,24829.52
2023-09-04,923,Планшет,4,27276.09
2024-01-04,709,Наушники,3,28488.99
2023-11-07,109,Телефон,1,31344.64
2024-07-16,327,Наушники,1,6669.66
2023-12-13,54,Планшет,1,15598.82
2023-11-13,202,Телефон,2,6561.29
2024-03-05,668,Планшет,1,46346.21
2023-07-28,804,Планшет,1,38333.54
2024-02-03,85,Ноутбук,1,21499.45
2023-11-16,725,Телефон,5,31208.62
2024-04-14,969,Телефон,1,35437.82
2023-12-02,725,Телефон,5,45565.85
2024-04-29,252,Наушники,3,48545.22
2023-10-27,504,Наушники,2,13437.94
2024-01-21,730,Ноутбук,2,34229.62
2023-10-31,312,Часы,3,9557.89
2024-03-01,67,Наушники,4,36936.08
2023-11-25,538,Планшет,2,29143.41
2023-12-09,449,Телефон,1,26923.89
2023-10-15,748,Ноутбук,2,8732.33
2024-05-05,963,Наушники,5,3209.19
2024-04-29,505,Ноутбук,2,30799.6
2024-04-29,985,Планшет,4,41999.36
2024-06-09,273,Планшет,2,23738.26
2024-05-28,291,Ноутбук,3,23224.45
2023-08-11,322,Наушники,5,43494.0
2024-05-02,224,Часы,4,28596.61
2024-06-27,195,Часы,5,23110.16
2023-12-28,893,Планшет,2,20248.27
2023-10-28,463,Планшет,2,6766.58
2023-08-18,965,Планшет,3,10799.66
2023-10-17,476,Наушники,5,24650.56
2024-02-26,234,Наушники,2,46692.57
2024-06-29,135,Часы,5,30138.62
2023-07-29,64,Наушники,5,30238.6
2024-05-15,624,Планшет,1,14224.92
2024-01-04,339,Телефон,5,38672.18
2024-01-21,992,Часы,3,48662.67
2024-06-07,383,Наушники,1,9903.96
2023-07-27,642,Часы,1,15842.49
2023-12-08,60,Часы,5,11117.83
2023-10-23,680,Планшет,2,42077.93
2024-03-01,405,Планшет,4,32599.3
2023-09-21,318,Наушники,4,34233.52
2024-03-09,192,Часы,2,30392.17
2024-07-19,600,Планшет,2,10355.63
2024-06-12,820,Ноутбук,5,2512.14
2023-10-13,752,Ноутбук,2,5635.09
2023-08-08,100,Наушники,5,28256.65
2024-04-05,734,Ноутбук,4,33663.09
2024-05-31,203,Наушники,4,1871.16
2023-10-23,331,Ноутбук,1,7775.57
2023-12-12,727,Планшет,4,37918.85
2023-12-14,707,Наушники,4,11282.81
2023-08-02,513,Планшет,5,10813.72
2023-09-03,643,Планшет,1,13149.54
2023-12-28,403,Телефон,1,7131.29
2024-06-28,717,Ноутбук,5,44922.37
2023-12-24,916,Ноутбук,5,34385.04
2024-03-07,479,Часы,2,33741.28
2024-02-08,366,Наушники,1,18094.42
2024-02-20,237,Наушники,1,27090.67
2024-04-28,660,Часы,2,5466.94
2024-03-09,772,Ноутбук,2,11625.77
2023-07-24,462,Ноутбук,3,27594.87
2024-04-03,774,Ноутбук,4,45473.82
2023-08-03,85,Планшет,2,45348.63
2023-10-04,1,Наушники,3,24412.21
2024-07-09,356,Ноутбук,1,30286.85
2023-10-30,216,Наушники,1,41259.75
2023-08-09,399,Телефон,5,24967.14
2024-04-04,616,Телефон,3,3069.04
2024-01-12,388,Ноутбук,1,2998.17
2024-05-19,130,Наушники,1,6384.83
2024-03-09,584,Наушники,4,6811.25
2023-10-22,583,Наушники,3,49385.16
2023-07-24,461,Наушники,3,44879.91
2023-09-18,832,Ноутбук,2,15508.83
2023-09-24,170,Планшет,1,28966.31
2024-02-09,636,Ноутбук,3,31471.61
2023-12-21,305,Часы,4,45931.62
2024-07-16,419,Наушники,5,30933.15
2023-11-25,512,Ноутбук,5,9913.64
2024-01-25,789,Ноутбук,3,28142.72
2024-02-16,569,Часы,5,7415.4
2024-02-10,908,Часы,4,49136.55
2024-03-10,538,Часы,1,25314.31
2024-04-14,486,Наушники,3,48078.64
2023-09-22,596,Часы,5,28641.76
2024-02-16,694,Телефон,5,5347.75
2024-03-04,552,Телефон,1,13528.04
2024-05-01,232,Наушники,4,8733.61
2023-09-19,549,Часы,3,22640.56
2024-07-15,238,Планшет,1,33794.75
2024-01-16,466,Наушники,2,19157.57
2023-11-27,933,Ноутбук,5,10419.48
2024-02-07,245,Телефон,4,14995.37
2024-07-12,548,Часы,5,18662.18
2023-12-02,135,Наушники,5,9024.99
2023-12-04,756,Часы,4,22172.15
2024-01-18,920,Наушники,3,48845.04
2023-08-30,346,Телефон,1,5153.84
2023-08-14,591,Наушники,4,49341.06
2024-05-17,288,Часы,3,23803.72
2023-10-19,479,Ноутбук,3,10833.78
2023-12-08,503,Часы,2,25216.39
2023-08-02,673,Часы,2,26435.42
2023-12-26,657,Планшет,3,4546.39
2024-01-27,242,Ноутбук,4,39392.95
2024-06-04,45,Телефон,5,37485.02
2023-12-27,197,Планшет,4,18928.55
2024-06-14,592,Ноутбук,5,31588.87
2024-01-04,16,Часы,4,21295.56
2023-11-21,363,Часы,1,16778.07
2023-07-29,595,Часы,2,32112.62
2024-06-11,740,Ноутбук,3,24956.44
2023-11-12,910,Наушники,5,41951.77
2024-06-15,873,Часы,1,20816.41
2023-08-03,347,Планшет,1,28837.64
2023-09-29,718,Наушники,4,49369.82
2023-08-13,349,Часы,1,40603.59
2024-03-02,723,Часы,5,20627.17
2024-06-14,675,Наушники,5,44734.13
2023-10-26,506,Телефон,4,33334.52
2023-08-22,674,Часы,4,39213.58
2023-08-31,254,Наушники,3,6116.58
2024-04-08,238,Ноутбук,3,43133.48
2023-11-30,389,Часы,5,41140.92
2023-08-21,282,Ноутбук,3,9657.04
2024-05-19,806,Ноутбук,3,18149.12
2024-04-06,340,Планшет,3,2267.78
2024-03-10,996,Телефон,1,43737.64
2024-05-18,720,Телефон,5,27750.32
2023-07-31,1000,Часы,2,46719.8
2023-11-01,459,Ноутбук,2,5237.07
2023-11-25,910,Планшет,3,38324.26
2024-03-24,996,Ноутбук,5,11343.08
2023-09-04,681,Телефон,5,5244.87
2023-11-17,397,Планшет,5,42413.44
2024-03-16,21,Ноутбук,5,25348.5
2024-04-10,796,Часы,3,44628.01
2023-10-28,996,Часы,1,40689.02
2023-08-22,193,Ноутбук,5,21871.56
2024-06-15,406,Ноутбук,5,19331.75
2024-03-28,356,Ноутбук,3,25427.56
2023-08-13,212,Наушники,1,45011.94
2023-09-01,766,Часы,4,6915.52
2024-01-13,174,Планшет,2,37537.02
2023-12-30,86,Наушники,2,23110.1
2023-10-01,413,Ноутбук,3,3113.29
2024-01-04,188,Телефон,5,16645.37
2024-07-09,717,Часы,4,46315.03
2024-05-25,984,Наушники,4,20805.19
2023-10-24,595,Часы,2,49245.88
2023-09-17,872,Наушники,5,21255.06
2023-08-12,262,Телефон,2,32429.03
2024-05-22,529,Часы,3,19179.29
2023-07-25,773,Часы,1,37258.96
2024-06-13,785,Ноутбук,5,18848.39
2023-12-12,856,Телефон,2,4503.4
2024-03-02,822,Планшет,4,31643.38
2024-02-14,706,Часы,4,13832.54
2023-11-23,92,Наушники,4,23815.37
2023-08-20,187,Телефон,2,22735.14
2024-02-13,118,Планшет,4,19371.65
2023-11-19,51,Ноутбук,3,43170.92
2023-08-07,411,Телефон,4,22719.05
2024-06-19,495,Ноутбук,5,12637.31
2024-07-13,830,Наушники,2,14388.04
2024-02-01,405,Часы,3,8283.99
2023-09-10,878,Наушники,2,1628.24
2023-12-19,101,Телефон,1,41625.91
2024-01-15,338,Планшет,2,19084.46
2023-12-31,332,Ноутбук,1,39221.68
2023-09-10,28,Планшет,2,24612.68
2023-11-14,461,Часы,2,13056.85
2023-08-25,785,Телефон,1,46554.32
2024-01-11,71,Телефон,5,35801.17
2023-11-30,848,Телефон,4,1807.78
2024-06-02,158,Ноутбук,5,14442.93
2024-06-06,722,Телефон,5,44794.22
2024-07-19,600,Планшет,5,37198.5
2023-11-12,927,Часы,5,9852.54
2024-04-17,399,Телефон,5,42061.84
2024-01-28,869,Телефон,4,10180.08
2024-03-13,588,Ноутбук,2,40233.74
2023-11-20,493,Ноутбук,3,40187.29
2024-04-01,668,Наушники,5,4835.54
2024-04-03,593,Наушники,5,25469.06
2023-11-01,630,Ноутбук,1,2975.78
2024-05-29,84,Наушники,4,44107.79
2024-03-01,751,Наушники,4,42248.54
2024-03-25,711,Планшет,3,35379.78
2024-07-01,974,Телефон,5,41904.35
2023-12-04,96,Планшет,4,41297.95
2024-06-23,947,Часы,5,28306.98
2023-08-24,21,Планшет,3,8618.09
2023-07-27,819,Наушники,1,31391.06
2023-08-14,131,Часы,4,2759.56
2023-08-08,463,Телефон,5,48037.42
2024-06-27,235,Планшет,3,14189.01
2023-08-12,109,Наушники,2,18506.9
2024-03-18,113,Ноутбук,2,1382.3
2024-07-14,954,Телефон,3,47364.97
2023-12-26,657,Часы,4,24808.14
2024-05-03,354,Планшет,5,32265.64
2024-04-03,961,Часы,5,38214.25
2023-12-21,318,Ноутбук,4,17095.78
2024-04-25,683,Часы,1,26540.08
2024-06-15,654,Планшет,5,27922.48
2024-05-12,119,Планшет,2,33382.78
2024-03-16,974,Планшет,5,1479.13
2024-04-23,560,Часы,2,25873.32
2023-10-05,233,Наушники,3,38537.65
2023-09-06,108,Телефон,3,33094.84
2024-06-09,496,Ноутбук,3,26319.25
2023-11-06,147,Ноутбук,3,27123.28
2024-01-26,830,Телефон,5,17689.88
2024-06-22,884,Телефон,5,26628.69
2023-09-17,52,Наушники,3,5375.01
2023-08-09,915,Ноутбук,3,38469.97
2023-12-25,995,Ноутбук,5,34543.83
2023-08-22,630,Ноутбук,5,17657.53
2023-11-14,199,Планшет,5,32104.91
2024-03-28,248,Планшет,4,31845.98
2024-05-04,96,Планшет,2,31549.42
2023-10-20,682,Ноутбук,4,1530.83
2024-01-10,409,Часы,4,17280.13
2024-06-07,161,Планшет,3,27454.7
2023-08-29,227,Телефон,4,45283.55
2024-06-08,569,Часы,5,2695.58
2023-12-17,117,Планшет,4,15877.71
2023-11-02,780,Часы,3,22578.85
2024-03-21,582,Часы,2,30247.88
2024-05-17,779,Планшет,4,29592.54
2023-08-19,156,Часы,2,40498.33
2023-11-13,541,Телефон,5,44928.72
2024-03-20,487,Наушники,3,24455.21
2023-10-27,248,Ноутбук,5,34467.99
2023-10-12,650,Ноутбук,2,11526.4
2023-10-12,349,Планшет,2,49996.58
2023-11-17,847,Телефон,5,45221.31
2024-03-20,278,Наушники,4,23208.57
2024-06-05,405,Ноутбук,5,34066.9
2023-08-29,788,Планшет,2,11069.76
2023-11-20,159,Часы,3,10303.23
2023-08-02,873,Ноутбук,5,35800.52
2023-09-25,925,Ноутбук,2,25740.13
2024-03-31,709,Часы,1,15469.83
2023-12-21,693,Ноутбук,3,35024.92
2023-12-31,799,Планшет,4,6135.71
2023-10-10,449,Наушники,1,20438.97
2024-05-19,397,Часы,3,42159.89
2024-06-05,423,Планшет,3,24339.91
2023-12-27,369,Наушники,4,37927.76
2024-06-29,630,Наушники,5,27892.66
2023-11-28,955,Ноутбук,3,27731.28
2023-10-11,73,Ноутбук,1,18173.2
2024-07-20,621,Ноутбук,4,10930.98
2024-02-09,728,Планшет,4,12104.88
2023-11-10,411,Наушники,4,15953.33
2023-12-24,569,Телефон,5,26619.34
2024-06-25,596,Планшет,2,39535.88
2023-10-18,850,Часы,2,47718.77
2024-06-09,259,Ноутбук,4,35478.52
2024-01-22,387,Ноутбук,4,3705.54
2024-04-03,4,Наушники,2,49353.03
2024-03-17,603,Планшет,1,26797.53
2023-11-05,813,Ноутбук,5,23456.94
2024-05-03,264,Телефон,2,17887.47
2024-07-11,978,Планшет,4,6645.11
2024-04-24,260,Наушники,1,11752.4
2023-08-15,97,Планшет,3,26597.29
2023-10-28,433,Планшет,5,22933.46
2024-02-14,356,Телефон,1,7077.87
2023-08-21,801,Ноутбук,3,5890.47
2023-09-24,668,Ноутбук,1,27578.3
2024-03-27,487,Ноутбук,2,15739.28
2024-05-05,771,Наушники,2,17317.49
2024-02-17,862,Часы,5,43752.89
2024-06-12,840,Часы,5,7734.98
2024-05-26,317,Планшет,2,48473.21
2023-12-17,784,Часы,1,3151.85
2024-03-16,834,Ноутбук,2,23048.6
2023-12-19,110,Планшет,3,29913.75
2024-05-04,903,Телефон,4,26441.89
2024-01-26,163,Ноутбук,1,41657.83
2023-11-02,757,Телефон,2,28227.12
2024-01-15,457,Наушники,3,33749.6
2024-04-25,752,Телефон,5,4640.66
2024-07-11,38,Наушники,4,41644.35
2024-07-07,285,Планшет,4,16179.8
2024-01-25,761,Ноутбук,5,5772.9
2024-03-24,191,Планшет,4,11264.47
2023-08-05,946,Планшет,1,38668.79
2023-10-29,889,Часы,2,30342.99
2023-11-14,134,Ноутбук,4,45154.09
2023-10-07,445,Телефон,5,24238.6
2023-10-22,136,Наушники,5,24899.01
2024-03-22,86,Планшет,3,32303.32
2024-03-09,107,Часы,1,27609.22
2024-03-05,266,Часы,5,21927.29
2023-08-22,531,Наушники,4,17232.45
2024-03-19,574,Ноутбук,2,24923.17
2023-12-22,207,Ноутбук,4,46552.68
2023-09-21,762,Планшет,5,12769.7
2024-07-01,479,Ноутбук,1,25331.13
2024-06-11,291,Наушники,1,33273.98
2024-05-05,758,Часы,2,11967.77
2023-08-05,31,Часы,1,2674.79
2024-02-22,384,Наушники,1,49070.93
2024-05-11,545,Планшет,5,9974.3
2024-04-05,92,Часы,2,15645.02
2024-02-15,114,Ноутбук,3,1678.45
2023-12-03,771,Телефон,5,5989.62
2024-06-01,974,Часы,1,46459.45
2023-10-24,549,Часы,3,15004.48
2023-11-21,733,Наушники,1,46541.81
2023-10-12,796,Планшет,1,21266.75
2023-08-31,425,Часы,2,24197.69
2023-11-28,856,Телефон,5,17135.37
2023-08-23,118,Телефон,1,7960.65
2023-10-19,559,Часы,4,30138.58
2024-07-22,629,Ноутбук,5,46204.76
2023-08-11,544,Планшет,1,30453.29
2024-02-04,665,Телефон,5,46396.73
2023-09-25,126,Ноутбук,3,22269.65
2024-06-23,15,Планшет,1,20587.75
2024-07-16,24,Часы,3,33061.47
2024-04-18,703,Планшет,2,19982.24
2023-09-25,498,Часы,1,10651.55
2023-09-07,284,Планшет,4,42685.48
2024-01-11,199,Планшет,5,23561.08
2024-06-19,731,Ноутбук,3,5480.04
2024-07-20,137,Планшет,3,34847.61
2024-04-11,972,Часы,2,22262.47
2024-04-25,242,Наушники,2,34471.36
2024-07-07,598,Ноутбук,2,38316.07
2024-04-25,735,Ноутбук,1,6895.82
2023-10-26,547,Наушники,2,48536.2
2024-06-07,130,Телефон,5,33900.57
2023-12-02,829,Ноутбук,3,12330.04
2023-10-11,484,Наушники,3,12478.54
2023-07-24,83,Ноутбук,4,48366.53
2023-11-15,528,Ноутбук,5,6430.38
2024-03-25,945,Наушники,3,8778.94
2024-02-14,535,Телефон,3,28063.66
2023-12-21,449,Планшет,4,5447.33
2023-12-11,299,Часы,4,2410.59
2023-12-19,710,Часы,2,16123.85
2023-09-17,265,Планшет,5,19523.74
2023-10-09,926,Телефон,2,43627.72
2024-01-03,645,Планшет,4,26730.82
2024-03-26,909,Планшет,5,26845.72
2024-01-01,251,Наушники,1,18311.36
2023-12-24,512,Наушники,3,34906.9
2024-03-19,929,Ноутбук,5,33219.58
2024-01-15,766,Телефон,4,43957.81
2024-07-09,349,Ноутбук,5,5407.65
2024-03-15,774,Планшет,1,39118.39
2024-04-29,78,Планшет,1,48463.72
2024-03-09,113,Ноутбук,4,22755.26
2023-11-12,259,Ноутбук,5,19702.4
2023-09-22,463,Часы,5,31561.43
2024-05-31,459,Ноутбук,4,36487.14
2024-05-03,486,Ноутбук,2,10253.17
2024-07-20,262,Планшет,2,35528.21
2023-08-16,99,Ноутбук,2,20363.24
2023-07-30,649,Планшет,4,3969.61
2024-04-20,66,Планшет,1,27320.61
2024-04-27,394,Ноутбук,1,32672.18
2024-04-06,212,Ноутбук,2,14725.39
2024-06-12,547,Телефон,2,42304.14
2023-09-17,536,Планшет,5,33647.66
2024-01-30,994,Планшет,2,49804.84
2024-06-16,566,Планшет,3,40892.47
2023-11-11,865,Ноутбук,5,19981.67
2023-12-24,263,Телефон,3,28312.08
2024-04-29,793,Наушники,3,17004.47
2024-04-04,475,Телефон,1,23817.58
2023-11-24,339,Телефон,1,14463.26
2024-05-09,543,Часы,1,23353.41
2024-06-18,653,Телефон,4,14280.78
2023-08-08,474,Часы,3,7311.61
2024-07-14,602,Планшет,2,3922.88
2024-02-04,737,Планшет,4,21332.47
2023-10-17,95,Ноутбук,4,23661.1
2023-10-15,949,Телефон,2,23473.75
2023-12-23,899,Часы,1,48226.52
2024-03-30,281,Часы,2,46500.37
2024-03-18,256,Планшет,4,32201.72
2024-01-11,855,Планшет,2,31243.61
2024-05-18,154,Планшет,2,10223.57
2023-10-03,394,Ноутбук,4,16998.47
2023-11-11,277,Телефон,5,19988.37
2024-01-05,206,Часы,4,38742.13
2024-03-31,886,Планшет,4,22119.7
2023-08-15,53,Часы,1,11195.74
2024-06-07,333,Наушники,3,27031.02
2023-11-19,643,Телефон,1,41151.46
2023-09-21,366,Часы,2,49542.15
2023-10-06,568,Наушники,3,1750.14
2023-12-26,653,Телефон,4,47904.32
2024-06-21,129,Телефон,2,10230.91
2024-03-03,179,Наушники,3,48836.75
2024-06-27,856,Телефон,1,3984.17
2023-10-22,235,Ноутбук,3,22965.99
2024-02-14,665,Часы,5,25328.33
2023-08-06,835,Часы,4,1726.49
2023-08-01,85,Наушники,3,48040.68
2024-06-26,460,Наушники,1,18879.28
2024-07-13,324,Телефон,1,7312.32
2023-10-20,155,Наушники,2,10421.59
2024-05-08,332,Часы,4,27615.07
2023-09-03,913,Телефон,3,35375.48
2024-02-06,31,Телефон,4,17463.19
2024-03-23,534,Телефон,2,6105.41
2024-01-28,364,Наушники,5,13080.27
2024-01-26,423,Телефон,3,22637.8
2024-05-08,905,Планшет,5,25920.54
2023-08-24,570,Наушники,5,32634.59
2024-05-30,301,Телефон,3,41965.85
2023-11-30,353,Ноутбук,1,19026.46
2023-10-03,514,Ноутбук,1,11311.71
2024-01-15,306,Часы,4,13513.84
2023-12-12,816,Телефон,1,47275.18
2024-07-17,883,Наушники,4,5989.33
2024-02-03,122,Наушники,1,19352.04
2023-12-11,468,Телефон,3,11012.92
2024-06-27,209,Планшет,4,5161.93
2024-02-07,980,Планшет,4,36354.12
2024-07-12,618,Часы,3,6484.49
2024-04-12,834,Часы,5,46946.29
2023-10-14,824,Планшет,3,42824.23
2024-07-18,877,Ноутбук,2,38976.03
2023-10-02,454,Телефон,3,4016.77
2023-11-05,400,Телефон,1,41223.79
2024-05-22,895,Телефон,5,5388.42
2023-12-16,309,Ноутбук,5,17978.56
2024-02-27,395,Планшет,4,46941.2
2024-04-23,698,Часы,3,27924.89
2023-08-13,335,Часы,4,4818.01
2024-05-19,184,Наушники,1,20204.83
2023-11-09,999,Часы,1,15458.14
2023-11-03,199,Ноутбук,2,32003.43
2023-09-08,674,Наушники,5,3589.69
2024-05-26,904,Ноутбук,1,8604.8
2024-02-27,78,Ноутбук,2,16842.93
2023-09-18,69,Наушники,1,39370.09
2023-12-09,892,Наушники,1,35762.55
2024-05-31,8,Планшет,5,49304.62
2024-04-21,8,Наушники,5,12679.75
2024-05-25,703,Часы,4,3711.17
2024-03-06,731,Ноутбук,5,40321.12
2024-02-09,815,Часы,1,47720.77
2024-01-08,890,Часы,4,31749.6
2023-09-22,689,Ноутбук,5,44506.82
2024-05-21,667,Телефон,2,30282.96
2024-04-27,726,Наушники,2,26108.03
2023-12-03,723,Телефон,4,21202.29
2023-12-25,400,Планшет,3,45991.01
2024-04-26,178,Часы,2,11173.13
2023-09-23,110,Часы,1,17356.9
2024-02-11,930,Наушники,5,45295.35
2023-08-14,193,Часы,2,20103.49
2023-08-20,198,Часы,5,1497.49
2024-01-06,745,Ноутбук,5,31066.55
2024-01-14,91,Наушники,4,22229.17
2023-10-06,861,Планшет,4,48336.13
2023-12-23,609,Планшет,5,48826.5
2023-09-26,324,Планшет,1,43443.75
2024-03-26,522,Часы,5,13179.3
2024-05-15,102,Ноутбук,2,31286.73
2023-09-11,594,Телефон,5,10470.38
2024-01-25,206,Часы,1,13743.48
2024-04-27,480,Ноутбук,2,39647.15
2024-03-03,667,Планшет,2,11348.34
2024-06-27,819,Часы,4,25193.26
2024-05-07,330,Телефон,2,19760.19
2024-02-01,498,Часы,1,15620.47
2024-05-27,900,Часы,2,41694.6
2023-09-06,766,Ноутбук,2,36295.0
2024-06-29,833,Телефон,3,38573.34
2024-05-07,457,Ноутбук,4,39050.34
2024-07-15,955,Планшет,2,45825.86
2023-11-12,387,Телефон,3,44154.28
2024-05-15,510,Телефон,5,4064.5
2023-12-09,211,Телефон,4,31612.84
2023-11-11,147,Ноутбук,3,24385.04
2024-02-29,208,Ноутбук,4,10718.42
2024-03-14,701,Телефон,1,45406.21
2024-01-26,931,Ноутбук,5,28201.56
2024-06-19,493,Наушники,4,29858.66
2024-05-25,231,Наушники,3,27173.97
2024-07-12,769,Часы,5,36760.69
2023-10-27,461,Часы,4,32969.89
2023-12-26,96,Телефон,2,47711.98
2024-04-22,767,Наушники,5,3154.37
2023-10-20,231,Наушники,5,20135.06
2024-02-28,904,Часы,1,43225.26
2023-11-12,250,Телефон,4,20066.58
2023-12-06,151,Телефон,1,27229.14
2023-11-19,968,Планшет,4,28668.13
2024-04-21,424,Часы,1,14346.78
2023-08-10,995,Ноутбук,3,29313.57
2023-08-13,907,Планшет,3,25741.26
2024-03-24,841,Планшет,5,34134.67
2024-01-20,935,Планшет,5,20542.02
2023-07-28,770,Телефон,1,34559.64
2023-10-18,803,Наушники,4,10898.61
2023-09-12,871,Планшет,1,44022.96
2024-07-04,625,Наушники,2,34754.9
2024-06-01,692,Планшет,3,9857.4
2024-02-03,787,Телефон,5,11602.8
2023-08-28,373,Наушники,3,30620.67
2024-04-02,106,Планшет,5,44400.28
2024-04-10,747,Ноутбук,3,37797.24
2023-12-13,749,Наушники,1,32293.88
2024-03-25,939,Часы,1,10267.44
2024-03-02,462,Ноутбук,1,49344.34
2023-10-29,381,Наушники,3,32334.54
2024-06-15,254,Наушники,5,15402.73
2023-09-24,903,Планшет,4,39431.65
2024-05-12,543,Часы,3,26252.0
2024-03-07,154,Планшет,1,41245.82
2023-09-02,191,Часы,3,5399.76
2023-10-02,908,Часы,3,28014.44
2023-09-05,168,Ноутбук,5,14712.93
2024-03-04,991,Ноутбук,5,36498.77
2023-08-20,675,Планшет,2,29860.69
2023-12-13,495,Планшет,5,2091.35
2024-06-10,981,Планшет,4,35445.16
2023-07-25,305,Часы,5,1639.33
2023-10-24,170,Планшет,3,46107.34
2024-07-20,711,Планшет,4,7505.01
2024-07-10,788,Ноутбук,4,35278.02
2024-04-16,345,Наушники,2,40208.06
2024-05-31,825,Планшет,3,20968.94
2023-09-17,529,Ноутбук,1,48147.87
2023-10-30,877,Наушники,1,32583.99
2023-10-07,914,Планшет,1,49361.95
2024-06-28,271,Планшет,5,11278.68
2023-10-31,757,Телефон,3,45525.63
2024-07-04,952,Ноутбук,2,14686.96
2024-01-19,595,Ноутбук,4,20375.35
2024-01-02,133,Планшет,2,46411.88
2024-01-01,746,Телефон,3,44419.85
2023-08-30,237,Ноутбук,1,18828.26
2024-03-08,945,Часы,4,4022.79
2024-01-26,942,Наушники,2,4983.95
2024-06-20,810,Ноутбук,2,21258.83
2023-10-21,605,Часы,3,17044.81
2024-02-24,17,Наушники,3,48063.17
2024-03-13,182,Планшет,5,20138.22
2024-03-11,909,Часы,1,32008.27
2024-01-15,656,Ноутбук,5,22353.59
2023-09-22,965,Часы,2,10632.08
2023-07-28,836,Наушники,5,39446.8
2024-07-16,95,Телефон,3,21259.7
2024-03-29,921,Телефон,3,5482.46
2024-05-13,431,Телефон,2,32543.48
2024-01-29,269,Планшет,3,47978.89
2024-05-22,132,Планшет,5,15575.85
2024-03-02,192,Наушники,2,19701.13
2024-04-15,67,Планшет,2,41709.7
2024-03-27,390,Наушники,3,1013.87
2024-03-23,303,Телефон,1,15953.55
2024-06-09,356,Наушники,1,15520.84
2024-03-01,45,Наушники,4,37846.11
2024-02-25,441,Ноутбук,4,34496.25
2024-05-17,226,Ноутбук,4,4774.49
2024-04-06,913,Ноутбук,3,13631.08
2024-01-31,660,Телефон,3,38263.16
2024-02-02,664,Телефон,3,2649.99
2023-11-28,242,Ноутбук,3,20943.8
2024-06-14,718,Телефон,1,37161.89
2024-02-12,316,Часы,3,3765.53
2024-01-23,164,Планшет,2,10906.72
2024-05-09,793,Ноутбук,3,21497.44
2024-01-23,547,Наушники,2,44259.74
2023-12-12,571,Часы,2,11576.74
2024-01-12,703,Планшет,1,14053.34
2023-08-06,266,Планшет,3,21925.65
2024-02-08,277,Телефон,3,6493.91
2024-05-05,984,Ноутбук,4,40455.64
2024-06-23,627,Часы,1,33373.69
2024-05-12,744,Ноутбук,1,26692.57
2024-04-21,751,Ноутбук,1,40463.61
2023-08-28,257,Телефон,5,6435.02
2023-10-11,776,Часы,4,46581.03
2024-03-01,699,Планшет,4,38779.96
2024-01-25,656,Ноутбук,2,6669.91
2024-03-28,571,Планшет,5,1684.29
2023-11-21,558,Часы,3,45533.68
2024-02-25,381,Наушники,2,18999.5
2024-05-22,985,Наушники,5,22445.9
2024-01-09,768,Часы,2,39056.46
2023-10-30,652,Телефон,4,9924.23
2024-03-18,31,Ноутбук,4,26354.54
2023-11-19,151,Планшет,2,46789.39
2023-09-22,610,Ноутбук,4,18225.58
2023-09-17,655,Телефон,5,40482.19
2024-06-11,58,Телефон,3,4810.67
2023-11-24,163,Телефон,1,38222.89
2023-10-19,465,Планшет,4,46677.1
2024-03-12,949,Телефон,5,44115.55
2024-01-29,616,Телефон,4,47416.9
2023-10-31,449,Часы,3,21745.68
2024-01-18,653,Часы,1,22796.73
2024-03-24,162,Наушники,3,49544.79
2024-07-16,326,Телефон,3,22997.66
2023-11-29,265,Телефон,1,24994.09
2023-07-24,448,Телефон,2,4306.45
2024-03-19,267,Наушники,2,22635.85
2024-01-24,86,Ноутбук,1,10869.41
2024-02-14,844,Наушники,2,42479.79
2023-12-04,627,Наушники,3,26486.18
2024-02-27,568,Планшет,4,37013.13
2024-02-23,525,Часы,1,10352.68
2023-08-04,506,Часы,2,36677.9
2023-07-29,56,Планшет,3,26532.34
2023-07-25,268,Планшет,5,17943.0
2024-01-19,426,Ноутбук,2,34225.46
2023-09-12,464,Ноутбук,2,41193.58
2024-01-13,511,Планшет,1,45278.33
2023-10-16,93,Телефон,4,5617.86
2024-04-19,916,Часы,2,42949.45
2023-09-07,865,Телефон,2,15942.96
2023-09-13,493,Наушники,3,37723.45
2023-08-23,2,Часы,5,47777.74
2024-06-22,973,Часы,4,7527.21
2024-02-04,839,Наушники,3,7918.69
2023-08-25,593,Ноутбук,5,42078.34
2023-10-25,629,Телефон,4,34969.65
2024-05-05,555,Телефон,2,40200.33
2024-07-06,407,Наушники,5,6235.1
2024-03-31,991,Часы,2,25114.65
2024-01-09,711,Наушники,5,34990.51
2024-01-04,230,Наушники,5,11741.58
2023-08-12,637,Наушники,3,41498.87
2023-09-21,63,Наушники,2,24137.94
2024-05-12,272,Телефон,5,29132.97
2024-06-01,416,Ноутбук,2,6420.34
2024-04-10,281,Наушники,4,18111.76
2024-07-22,457,Часы,1,18577.77
2023-11-18,621,Наушники,3,13834.03
2024-02-23,501,Телефон,2,24160.66
2024-07-07,901,Наушники,5,1782.13
2024-01-19,711,Планшет,1,4020.67
2023-10-02,501,Часы,4,8230.67
2023-10-13,114,Часы,4,40757.36
2024-01-10,782,Ноутбук,1,32741.11
2023-09-09,485,Часы,4,23560.07
2024-03-01,461,Наушники,1,49101.8
2023-11-26,930,Планшет,3,31054.91
2023-09-01,85,Ноутбук,5,48233.52
2024-01-29,686,Планшет,2,41016.79
2023-10-31,762,Планшет,3,17908.04
2024-05-23,904,Ноутбук,3,41727.88
2024-07-11,466,Наушники,5,9510.61
2023-08-04,143,Ноутбук,1,21308.89
2023-09-06,821,Планшет,5,27644.49
2023-10-29,480,Ноутбук,2,10693.92
2024-04-22,82,Часы,3,39507.28
2024-05-12,28,Наушники,4,31252.58
2024-02-07,965,Часы,4,37219.23
2023-08-07,653,Часы,2,41188.56
2024-02-19,317,Планшет,5,35080.65
